login,commits,location,avatar_url
Anuken,12032,,https://avatars.githubusercontent.com/u/10100000?v=4
Quezler,416,Netherlands,https://avatars.githubusercontent.com/u/3179271?v=4
Epowerj,353,,https://avatars.githubusercontent.com/u/2945013?v=4
MEEPofFaith,307,Rapidly approaching your location. This is a threat.,https://avatars.githubusercontent.com/u/54301439?v=4
Prosta4okua,267,Ukraine,https://avatars.githubusercontent.com/u/31485341?v=4
Remint32,154,Russia,https://avatars.githubusercontent.com/u/13190430?v=4
XEN0PHIL,129,,https://avatars.githubusercontent.com/u/55051135?v=4
SVlad11825,109,,https://avatars.githubusercontent.com/u/70975516?v=4
deltanedas,100,your walls,https://avatars.githubusercontent.com/u/39013340?v=4
PetrGasparik,86,Prague,https://avatars.githubusercontent.com/u/2803987?v=4
Kieaer,85,,https://avatars.githubusercontent.com/u/44261958?v=4
buthed010203,84,,https://avatars.githubusercontent.com/u/26940575?v=4
antsif-a,84,"Arkhangelsk, Russian Federation",https://avatars.githubusercontent.com/u/55251897?v=4
Darkness6030,82,Darkness,https://avatars.githubusercontent.com/u/79508138?v=4
RebornTrack970,64,,https://avatars.githubusercontent.com/u/62565267?v=4
mnrsU,58,,https://avatars.githubusercontent.com/u/62972692?v=4
gobbles86,54,,https://avatars.githubusercontent.com/u/160071574?v=4
sk7725,51,,https://avatars.githubusercontent.com/u/58885089?v=4
DaGamerFiles,47,"Yogyakarta, Indonesia",https://avatars.githubusercontent.com/u/40286070?v=4
Angel-24,47,"Andalucía, Spain",https://avatars.githubusercontent.com/u/57916262?v=4
Lao-Hua-Ji,46,世界最高城理塘,https://avatars.githubusercontent.com/u/48855802?v=4
Catchears,46,,https://avatars.githubusercontent.com/u/57631841?v=4
Volas171,44,Germany,https://avatars.githubusercontent.com/u/60143910?v=4
beito123,43,Japan,https://avatars.githubusercontent.com/u/13979831?v=4
AmateurPotion,41,,https://avatars.githubusercontent.com/u/47741752?v=4
VizardAlpha,39,,https://avatars.githubusercontent.com/u/43859764?v=4
joshuaptfan,38,"Santa Clara, CA",https://avatars.githubusercontent.com/u/15149002?v=4
Ali-C-Ila,37,,https://avatars.githubusercontent.com/u/56729449?v=4
JniTrRny,35,Mars,https://avatars.githubusercontent.com/u/85090668?v=4
ThePythonGuy3,34,,https://avatars.githubusercontent.com/u/45978337?v=4
Voz-Duh,31,,https://avatars.githubusercontent.com/u/61590217?v=4
skybldev,29,North Carolina,https://avatars.githubusercontent.com/u/30189017?v=4
Slava0135,28,,https://avatars.githubusercontent.com/u/40753025?v=4
phinner,28,Somewhere in Belgium,https://avatars.githubusercontent.com/u/62483793?v=4
osp54,28,,https://avatars.githubusercontent.com/u/76648940?v=4
Sharlottes,27,"Changwon-si, Korea, Republic of.",https://avatars.githubusercontent.com/u/60801210?v=4
skykatik,26,,https://avatars.githubusercontent.com/u/55407440?v=4
ApsZoldat,26,Россия,https://avatars.githubusercontent.com/u/128713348?v=4
Nunting,23,,https://avatars.githubusercontent.com/u/77824588?v=4
Lapis256,23,,https://avatars.githubusercontent.com/u/45414333?v=4
baltitenger,22,Hungary,https://avatars.githubusercontent.com/u/21960678?v=4
way-zer,22,,https://avatars.githubusercontent.com/u/15688938?v=4
Ilya246,21,,https://avatars.githubusercontent.com/u/57039557?v=4
TranquillyUnpleasant,21,,https://avatars.githubusercontent.com/u/62061444?v=4
Math2128,20,,https://avatars.githubusercontent.com/u/15181809?v=4
abcxyzDustry,20,,https://avatars.githubusercontent.com/u/138785336?v=4
zatnas,20,Cheras,https://avatars.githubusercontent.com/u/16971676?v=4
RedRadiation,19,Taiwan,https://avatars.githubusercontent.com/u/22382579?v=4
xem8k5,19,,https://avatars.githubusercontent.com/u/69492624?v=4
Somka000,19,,https://avatars.githubusercontent.com/u/51973243?v=4
Leone25,19,,https://avatars.githubusercontent.com/u/39310565?v=4
GioIacca9,19,Italy,https://avatars.githubusercontent.com/u/39232448?v=4
J0anJosep,18,,https://avatars.githubusercontent.com/u/3152990?v=4
dase1353,18,,https://avatars.githubusercontent.com/u/46934514?v=4
summoner001,18,,https://avatars.githubusercontent.com/u/11212632?v=4
NgLam2911,18,Earth,https://avatars.githubusercontent.com/u/33188123?v=4
RexAliis,18,,https://avatars.githubusercontent.com/u/77251557?v=4
LeoDog896,17,,https://avatars.githubusercontent.com/u/26509014?v=4
TheRadioactiveBanana,17,Mars,https://avatars.githubusercontent.com/u/89061718?v=4
L0615T1C5-216AC-9437,17,USA,https://avatars.githubusercontent.com/u/60281819?v=4
genNAowl,16,Somewhere,https://avatars.githubusercontent.com/u/68400583?v=4
Gee-aitcH,16,,https://avatars.githubusercontent.com/u/33775693?v=4
BalaM314,15,Somewhere in low lunar orbit,https://avatars.githubusercontent.com/u/71201189?v=4
King-BR,15,Brasil,https://avatars.githubusercontent.com/u/51011050?v=4
j-vds,15,,https://avatars.githubusercontent.com/u/38380578?v=4
Mythril382,15,,https://avatars.githubusercontent.com/u/77225817?v=4
QmelZ,15,,https://avatars.githubusercontent.com/u/59574967?v=4
Slotterleet,15,,https://avatars.githubusercontent.com/u/62336673?v=4
Nikolass1000,14,h Town,https://avatars.githubusercontent.com/u/68129216?v=4
alexpvpmindustry,14,,https://avatars.githubusercontent.com/u/67626131?v=4
ArkSourcer,14,Venezuela,https://avatars.githubusercontent.com/u/93954648?v=4
Kowkodivka,14,Россия,https://avatars.githubusercontent.com/u/86189625?v=4
iczero,14,United States,https://avatars.githubusercontent.com/u/10750302?v=4
stacktrace-error,14,,https://avatars.githubusercontent.com/u/89076920?v=4
Dexapnow,13,,https://avatars.githubusercontent.com/u/42710595?v=4
GlennFolker,13,,https://avatars.githubusercontent.com/u/63218676?v=4
Timmeey86,13,South Germany,https://avatars.githubusercontent.com/u/10223149?v=4
SoMall-dumpling,13,"Shanghai, China",https://avatars.githubusercontent.com/u/57857764?v=4
burunduk,13,Ukraine,https://avatars.githubusercontent.com/u/912818?v=4
LixieWulf,12,right behind you,https://avatars.githubusercontent.com/u/61173114?v=4
BasedUser,12,,https://avatars.githubusercontent.com/u/21104932?v=4
cinnx,12,"Poznan, Poland",https://avatars.githubusercontent.com/u/41754972?v=4
fuzzbuck,11,,https://avatars.githubusercontent.com/u/54221024?v=4
hortiSquash,11,,https://avatars.githubusercontent.com/u/45213805?v=4
itskatt,11,Somewhere...,https://avatars.githubusercontent.com/u/48765398?v=4
SSTentacleSS,11,,https://avatars.githubusercontent.com/u/91948148?v=4
Quick-korkc,11,"Semarang, Indonesia",https://avatars.githubusercontent.com/u/68910156?v=4
jervdrst,11,,https://avatars.githubusercontent.com/u/171447137?v=4
GaviTSRA,11,,https://avatars.githubusercontent.com/u/61122293?v=4
MrS-1302,10,,https://avatars.githubusercontent.com/u/75036456?v=4
Redstonneur1256,10,,https://avatars.githubusercontent.com/u/29004178?v=4
Leo-MathGuy,10,,https://avatars.githubusercontent.com/u/86385005?v=4
Xenerain,10,,https://avatars.githubusercontent.com/u/92419640?v=4
islq,10,,https://avatars.githubusercontent.com/u/1647863?v=4
LeoSko,10,"Limassol, Cyprus",https://avatars.githubusercontent.com/u/4199082?v=4
Jackson11500,10,,https://avatars.githubusercontent.com/u/55009845?v=4
ulwepo,10,,https://avatars.githubusercontent.com/u/85295540?v=4
NazrinNya,10,,https://avatars.githubusercontent.com/u/137837419?v=4
Recessive,10,,https://avatars.githubusercontent.com/u/61154659?v=4
MEIQIUawa,10,,https://avatars.githubusercontent.com/u/119494143?v=4
a-big-fish-fish,10,,https://avatars.githubusercontent.com/u/111189982?v=4
Arkanic,9,Relative galaxy,https://avatars.githubusercontent.com/u/50847107?v=4
SMOLKEYS,9,onion,https://avatars.githubusercontent.com/u/75618732?v=4
thedimas3007,9,"Norway, Brønnøysund",https://avatars.githubusercontent.com/u/51395517?v=4
rodas80,9,,https://avatars.githubusercontent.com/u/84171493?v=4
Xasmedy,9,,https://avatars.githubusercontent.com/u/75242213?v=4
TsjipTsjip,9,,https://avatars.githubusercontent.com/u/19798667?v=4
ThatOneBepis,9,,https://avatars.githubusercontent.com/u/47719370?v=4
SITUVNgcd,9,,https://avatars.githubusercontent.com/u/44901211?v=4
Predator127,9,,https://avatars.githubusercontent.com/u/41844491?v=4
PlayerBrasil13,9,"Minas Gerais, Brasil",https://avatars.githubusercontent.com/u/55503822?v=4
Atomic-Laboratory,9,,https://avatars.githubusercontent.com/u/146392884?v=4
HamzaGSopp,9,,https://avatars.githubusercontent.com/u/104453337?v=4
Brandons404,8,,https://avatars.githubusercontent.com/u/43156510?v=4
Garen7,8,,https://avatars.githubusercontent.com/u/22408776?v=4
Hahaa13,8,,https://avatars.githubusercontent.com/u/108379326?v=4
Jerzozwierz123,8,Warsaw,https://avatars.githubusercontent.com/u/82313278?v=4
Zelaux,8,,https://avatars.githubusercontent.com/u/58040045?v=4
azureblue,8,Poland,https://avatars.githubusercontent.com/u/4013688?v=4
SpicoTheSpiritGuy,7,,https://avatars.githubusercontent.com/u/42915797?v=4
AydenRennaker,7,,https://avatars.githubusercontent.com/u/1351631?v=4
KrystianMalecki,7,,https://avatars.githubusercontent.com/u/35604794?v=4
lemon3357,7,,https://avatars.githubusercontent.com/u/126368248?v=4
kituta,7,,https://avatars.githubusercontent.com/u/85106525?v=4
karlo292,7,Your basement,https://avatars.githubusercontent.com/u/64750254?v=4
ballgamer56,7,,https://avatars.githubusercontent.com/u/30421594?v=4
mdtrooper,7,España,https://avatars.githubusercontent.com/u/1285451?v=4
Tener,7,,https://avatars.githubusercontent.com/u/158712?v=4
Goobrr,7,"The Middle, Nowhere",https://avatars.githubusercontent.com/u/73060700?v=4
112Hack,7,,https://avatars.githubusercontent.com/u/144626073?v=4
Fatonndev,7,"Belarus, Grodno",https://avatars.githubusercontent.com/u/56699208?v=4
Baramos666,7,,https://avatars.githubusercontent.com/u/43490889?v=4
BlackDeluxeCat,7,,https://avatars.githubusercontent.com/u/65377021?v=4
polak-jan,6,Czech Republic,https://avatars.githubusercontent.com/u/11616898?v=4
SkinH,6,,https://avatars.githubusercontent.com/u/62944380?v=4
The1Crux,6,,https://avatars.githubusercontent.com/u/134880334?v=4
XuwenMeimei,6,,https://avatars.githubusercontent.com/u/127962617?v=4
squi2rel,6,Chinese,https://avatars.githubusercontent.com/u/102400902?v=4
elmenda452,6,,https://avatars.githubusercontent.com/u/44818832?v=4
ZacBytes,6,Singapore,https://avatars.githubusercontent.com/u/18497727?v=4
RealWina,6,Argentina,https://avatars.githubusercontent.com/u/58987087?v=4
TheJaaju,6,Finland,https://avatars.githubusercontent.com/u/62209959?v=4
WilloIzCitron,6,"Bekasi, Indonesia",https://avatars.githubusercontent.com/u/49786146?v=4
Sonnicon,6,,https://avatars.githubusercontent.com/u/36009275?v=4
SachaTending,6,,https://avatars.githubusercontent.com/u/65766775?v=4
MrDuck557,6,,https://avatars.githubusercontent.com/u/48808663?v=4
MWestfall,6,,https://avatars.githubusercontent.com/u/30434?v=4
Tunacan427,5,your mom,https://avatars.githubusercontent.com/u/29532856?v=4
VaporSpace2,5,,https://avatars.githubusercontent.com/u/92970384?v=4
Zerenta,5,,https://avatars.githubusercontent.com/u/80897573?v=4
senventise,5,"Shanghai,China",https://avatars.githubusercontent.com/u/32443493?v=4
xstabux,5,,https://avatars.githubusercontent.com/u/96493687?v=4
xgamezs,5,,https://avatars.githubusercontent.com/u/42099538?v=4
younggam,5,,https://avatars.githubusercontent.com/u/61054554?v=4
nanmenyangde,5,,https://avatars.githubusercontent.com/u/66559840?v=4
1stvaliduser,5,,https://avatars.githubusercontent.com/u/94375206?v=4
tech3mi,5,,https://avatars.githubusercontent.com/u/137229648?v=4
TheAldas,5,Lithuania,https://avatars.githubusercontent.com/u/45396524?v=4
Alexander397172YT,5,,https://avatars.githubusercontent.com/u/76264974?v=4
Arik,5,,https://avatars.githubusercontent.com/u/8357916?v=4
artur309,5,Portugal,https://avatars.githubusercontent.com/u/22061532?v=4
CxZxRainzz,5,,https://avatars.githubusercontent.com/u/78591136?v=4
drylian,5,Brazil,https://avatars.githubusercontent.com/u/109999325?v=4
KotMilkMeoWtwo,5,Moskow,https://avatars.githubusercontent.com/u/88706776?v=4
Maxattax97,5,Indiana,https://avatars.githubusercontent.com/u/4708067?v=4
Maxwelllondon92,5,,https://avatars.githubusercontent.com/u/48402058?v=4
twinflac,5,,https://avatars.githubusercontent.com/u/87523240?v=4
TomtheCoder2,5,Switzerland,https://avatars.githubusercontent.com/u/57863175?v=4
Taras4k,5,"Czech Republic, Praha",https://avatars.githubusercontent.com/u/65737359?v=4
StalkerBaran,5,,https://avatars.githubusercontent.com/u/120944331?v=4
Rasangus,5,,https://avatars.githubusercontent.com/u/55508146?v=4
PoIarStar,5,,https://avatars.githubusercontent.com/u/107398572?v=4
Neba-MD,5,,https://avatars.githubusercontent.com/u/62168011?v=4
snack-ie,4,,https://avatars.githubusercontent.com/u/47507131?v=4
Baldur404,4,,https://avatars.githubusercontent.com/u/117364120?v=4
stuffyAI,4,Germany,https://avatars.githubusercontent.com/u/59014072?v=4
soytheLB,4,,https://avatars.githubusercontent.com/u/60957935?v=4
osoitz,4,,https://avatars.githubusercontent.com/u/11898613?v=4
end-me-please,4,,https://avatars.githubusercontent.com/u/90796271?v=4
driver1748,4,Pudong New District Shanghai China,https://avatars.githubusercontent.com/u/62016462?v=4
Larofeticus,4,"Berkeley, CA",https://avatars.githubusercontent.com/u/3605351?v=4
MarlokytKaneki,4,,https://avatars.githubusercontent.com/u/114865515?v=4
Dr4coDragon,4,Poland,https://avatars.githubusercontent.com/u/54777154?v=4
error-27,4,right behind you,https://avatars.githubusercontent.com/u/43973418?v=4
GTMZOMEAGEAmazon,4,,https://avatars.githubusercontent.com/u/113624426?v=4
Gdeft,4,,https://avatars.githubusercontent.com/u/63198340?v=4
HubsvVN,4,,https://avatars.githubusercontent.com/u/157294903?v=4
KotMilkMeoW,4,,https://avatars.githubusercontent.com/u/81019712?v=4
Lorex,4,Taiwan,https://avatars.githubusercontent.com/u/4688311?v=4
TheTrueInfinity,4,,https://avatars.githubusercontent.com/u/112196968?v=4
ignyx,4,France,https://avatars.githubusercontent.com/u/23584745?v=4
GergoEB,4,,https://avatars.githubusercontent.com/u/73433905?v=4
Redik2,3,,https://avatars.githubusercontent.com/u/91623750?v=4
rodrigolitzius,3,Earth,https://avatars.githubusercontent.com/u/60452545?v=4
romanin-rf,3,,https://avatars.githubusercontent.com/u/60302782?v=4
1RedOne,3,Atlanta,https://avatars.githubusercontent.com/u/1247626?v=4
MaxSMokeSkaarj,3,Vladivostok,https://avatars.githubusercontent.com/u/62266921?v=4
Vortetty,3,"USA, Earth, Milky way galaxy, The observable universe",https://avatars.githubusercontent.com/u/33466216?v=4
nekonya3031,3,Russia,https://avatars.githubusercontent.com/u/63801085?v=4
abomb4,3,"Hangzhou, China",https://avatars.githubusercontent.com/u/6198193?v=4
clfer,3,,https://avatars.githubusercontent.com/u/6459155?v=4
feu-follet,3,,https://avatars.githubusercontent.com/u/61912511?v=4
indielm,3,,https://avatars.githubusercontent.com/u/44037362?v=4
valtsu41,3,,https://avatars.githubusercontent.com/u/42544217?v=4
Abe-isCharlie,3,,https://avatars.githubusercontent.com/u/70777952?v=4
LottieVixen,3,,https://avatars.githubusercontent.com/u/495512?v=4
DikHalz,3,,https://avatars.githubusercontent.com/u/87813567?v=4
Natchuz,3,Poland,https://avatars.githubusercontent.com/u/30700722?v=4
HostingAccount,3,,https://avatars.githubusercontent.com/u/101010079?v=4
TheEvilSkeleton,3,"Montréal, Québec",https://avatars.githubusercontent.com/u/50847364?v=4
rmuchan,3,,https://avatars.githubusercontent.com/u/13314764?v=4
CoCo-Snow,3,,https://avatars.githubusercontent.com/u/108625654?v=4
HybridDeath,3,,https://avatars.githubusercontent.com/u/35853566?v=4
fednelpat,3,,https://avatars.githubusercontent.com/u/42403698?v=4
EyeOfDarkness,3,,https://avatars.githubusercontent.com/u/64228877?v=4
PTALTS-LK,3,"Chongqing, China",https://avatars.githubusercontent.com/u/62936489?v=4
Cry0flu1d,3,Somewhere on Earth,https://avatars.githubusercontent.com/u/99197260?v=4
BetaEridani,3,,https://avatars.githubusercontent.com/u/108692669?v=4
fenrir94,3,,https://avatars.githubusercontent.com/u/40751502?v=4
Gamer-art9044,3,,https://avatars.githubusercontent.com/u/131509007?v=4
JasonP01,3,,https://avatars.githubusercontent.com/u/131086642?v=4
MinRi2,3,,https://avatars.githubusercontent.com/u/85016284?v=4
PAP6,3,,https://avatars.githubusercontent.com/u/68839421?v=4
nilederg,3,,https://avatars.githubusercontent.com/u/80833369?v=4
mrnickzh,3,,https://avatars.githubusercontent.com/u/62114203?v=4
NiChrosia,3,,https://avatars.githubusercontent.com/u/57579569?v=4
AVoid14,3,Montreal,https://avatars.githubusercontent.com/u/50495617?v=4
Kylof61034,3,,https://avatars.githubusercontent.com/u/51021816?v=4
Lime712,3,,https://avatars.githubusercontent.com/u/122940036?v=4
ManuWar73,3,,https://avatars.githubusercontent.com/u/111298180?v=4
mayli,3,,https://avatars.githubusercontent.com/u/822628?v=4
Taranys,2,Nantes,https://avatars.githubusercontent.com/u/4621525?v=4
YellOw136,2,,https://avatars.githubusercontent.com/u/74817890?v=4
Yakuzet,2,,https://avatars.githubusercontent.com/u/52811148?v=4
yfdyh000,2,"Beijing, China",https://avatars.githubusercontent.com/u/1769875?v=4
XaskyZ,2,,https://avatars.githubusercontent.com/u/50363144?v=4
Potassio83,2,italy,https://avatars.githubusercontent.com/u/56838229?v=4
Weathercold,2,Kivotos,https://avatars.githubusercontent.com/u/49368953?v=4
Vojtak42,2,Czech Republic,https://avatars.githubusercontent.com/u/18753137?v=4
Uenhe,2,,https://avatars.githubusercontent.com/u/119563256?v=4
TheMrAlbert,2,Indonesia,https://avatars.githubusercontent.com/u/44728043?v=4
TheSerjio,2,Moldova,https://avatars.githubusercontent.com/u/84933638?v=4
GaruPlayOfficial,2,Ukraine,https://avatars.githubusercontent.com/u/126602903?v=4
Technisha,2,,https://avatars.githubusercontent.com/u/55587033?v=4
Takeno-hito,2,"Tokyo, Japan",https://avatars.githubusercontent.com/u/18237819?v=4
Suportik-GFX,2,,https://avatars.githubusercontent.com/u/68199596?v=4
Virtox,2,"Tilburg, the Netherlands",https://avatars.githubusercontent.com/u/5301471?v=4
SkeptiCNegative,2,Czech Republic,https://avatars.githubusercontent.com/u/46050426?v=4
siede2010,2,,https://avatars.githubusercontent.com/u/63005632?v=4
parkuristt,2,,https://avatars.githubusercontent.com/u/60188877?v=4
Sh1penfire,2,,https://avatars.githubusercontent.com/u/73347888?v=4
Pointifix,2,Vienna,https://avatars.githubusercontent.com/u/35230128?v=4
WeslieDE,2,Germany,https://avatars.githubusercontent.com/u/7493154?v=4
SAMBUYYA,2,"Banten, Indonesia",https://avatars.githubusercontent.com/u/83904969?v=4
palprz,2,"UK, Bristol",https://avatars.githubusercontent.com/u/17414652?v=4
u84b,2,,https://avatars.githubusercontent.com/u/57874126?v=4
BlueTechnoCat,2,Venezuela,https://avatars.githubusercontent.com/u/69437358?v=4
Blockzilla101,2,,https://avatars.githubusercontent.com/u/48705529?v=4
Nerahikada,2,日本 - Japan,https://avatars.githubusercontent.com/u/15967582?v=4
xzarfs,2,,https://avatars.githubusercontent.com/u/59253058?v=4
xslendix,2,Somewhere in Bucharest :],https://avatars.githubusercontent.com/u/32436619?v=4
whert-dev,2,,https://avatars.githubusercontent.com/u/57214741?v=4
LibraryLibrarian,2,Japan,https://avatars.githubusercontent.com/u/57712678?v=4
nowords123,2,,https://avatars.githubusercontent.com/u/91344457?v=4
notrealn,2,among you,https://avatars.githubusercontent.com/u/56411504?v=4
totto0311,2,,https://avatars.githubusercontent.com/u/139965763?v=4
matheod,2,,https://avatars.githubusercontent.com/u/339611?v=4
martin-mfg,2,Germany,https://avatars.githubusercontent.com/u/2026226?v=4
liuxilu,2,China,https://avatars.githubusercontent.com/u/53636947?v=4
itcannotbe,2,,https://avatars.githubusercontent.com/u/45280919?v=4
ienov,2,,https://avatars.githubusercontent.com/u/60543121?v=4
hhhi17,2,South Pole,https://avatars.githubusercontent.com/u/77075911?v=4
grimsoul10,2,,https://avatars.githubusercontent.com/u/66539247?v=4
frieda666,2,,https://avatars.githubusercontent.com/u/103875616?v=4
east-6,2,"Ankara, Turkey",https://avatars.githubusercontent.com/u/37842289?v=4
eSK8er,2,,https://avatars.githubusercontent.com/u/110427984?v=4
devlaq,2,,https://avatars.githubusercontent.com/u/75433319?v=4
code-explorer786,2,,https://avatars.githubusercontent.com/u/68312688?v=4
bend-n,2,Mars,https://avatars.githubusercontent.com/u/70787919?v=4
ado1928,2,Somewhere in Bosnia,https://avatars.githubusercontent.com/u/47899778?v=4
yozozchomutova,2,,https://avatars.githubusercontent.com/u/55143954?v=4
NoahvdAa,2,"Gelderland, The Netherlands",https://avatars.githubusercontent.com/u/44026893?v=4
actions-user,2,,https://avatars.githubusercontent.com/u/65916846?v=4
GeoNew2011,2,Russia,https://avatars.githubusercontent.com/u/152255543?v=4
Gadgetroch,2,,https://avatars.githubusercontent.com/u/46190566?v=4
KwikKill,2,,https://avatars.githubusercontent.com/u/35538496?v=4
FranLamark,2,,https://avatars.githubusercontent.com/u/54486502?v=4
Ettaby,2,,https://avatars.githubusercontent.com/u/89039802?v=4
ErosAa2,2,,https://avatars.githubusercontent.com/u/113437785?v=4
Dyx175,2,,https://avatars.githubusercontent.com/u/77151433?v=4
Drullkus,2,,https://avatars.githubusercontent.com/u/5010174?v=4
Deyvid67,2,,https://avatars.githubusercontent.com/u/49799535?v=4
Darklord2996,2,Australia,https://avatars.githubusercontent.com/u/58330738?v=4
DarkenWizMan,2,,https://avatars.githubusercontent.com/u/64599039?v=4
danieljennings,2,,https://avatars.githubusercontent.com/u/582974?v=4
BlueTheCube,2,,https://avatars.githubusercontent.com/u/67639725?v=4
Def-Try,2,,https://avatars.githubusercontent.com/u/71168720?v=4
Ktar5,2,Silicon Valley,https://avatars.githubusercontent.com/u/1613876?v=4
AzhurniyBaklan,2,"Russia, Tyumen",https://avatars.githubusercontent.com/u/70016211?v=4
BorisA11,2,,https://avatars.githubusercontent.com/u/53085797?v=4
Bohaska,2,,https://avatars.githubusercontent.com/u/73286691?v=4
BaseModMaker,2,,https://avatars.githubusercontent.com/u/59204882?v=4
meskobalazs,2,"Budapest, Hungary",https://avatars.githubusercontent.com/u/9340769?v=4
BLucky-gh,2,,https://avatars.githubusercontent.com/u/41377306?v=4
TonkyBoi,2,Colorado (USA),https://avatars.githubusercontent.com/u/82739088?v=4
cerfedino,2,"Zürich, Switzerland",https://avatars.githubusercontent.com/u/39586706?v=4
Arnyyx,2,Viet Nam,https://avatars.githubusercontent.com/u/74717260?v=4
Ayushkiller,2,,https://avatars.githubusercontent.com/u/152204318?v=4
OpalSoPL,2,Poland,https://avatars.githubusercontent.com/u/90208316?v=4
ItsNikopol,2,,https://avatars.githubusercontent.com/u/53965568?v=4
Triarthite,2,,https://avatars.githubusercontent.com/u/170819735?v=4
Minxyzgo,2,China,https://avatars.githubusercontent.com/u/71958008?v=4
minacle,2,South Korea,https://avatars.githubusercontent.com/u/2531397?v=4
Mechanicalfish,2,,https://avatars.githubusercontent.com/u/65784025?v=4
Shawak,2,Germany,https://avatars.githubusercontent.com/u/3829602?v=4
blahblahbloopster,2,,https://avatars.githubusercontent.com/u/35409580?v=4
AFFalcons,2,,https://avatars.githubusercontent.com/u/37966938?v=4
markozajc,2,Slovenia,https://avatars.githubusercontent.com/u/30626847?v=4
Loumardes,2,,https://avatars.githubusercontent.com/u/40787527?v=4
Lonami,2,Spain,https://avatars.githubusercontent.com/u/6297805?v=4
HAJDog247,2,,https://avatars.githubusercontent.com/u/57288878?v=4
Hunggaming128,2,,https://avatars.githubusercontent.com/u/160811008?v=4
Tranamubeenarshad,2,,https://avatars.githubusercontent.com/u/109827135?v=4
ILiekMelons,2,,https://avatars.githubusercontent.com/u/49169907?v=4
JaiunL,2,,https://avatars.githubusercontent.com/u/40393226?v=4
JarrerLog,2,,https://avatars.githubusercontent.com/u/83497213?v=4
s8321414,2,"Kaohsiung City, Taiwan",https://avatars.githubusercontent.com/u/9457283?v=4
JustYanns,2,,https://avatars.githubusercontent.com/u/41501734?v=4
KayyAyeAre,2,,https://avatars.githubusercontent.com/u/56635816?v=4
Kerunope,2,,https://avatars.githubusercontent.com/u/104510815?v=4
kuhnchris,2,Austria,https://avatars.githubusercontent.com/u/761911?v=4
LauweJoster,2,,https://avatars.githubusercontent.com/u/55281524?v=4
LetterN,2,,https://avatars.githubusercontent.com/u/24603524?v=4
Linnnnnna,2,,https://avatars.githubusercontent.com/u/63439268?v=4
CamoGekko,1,Somewhere on Mars,https://avatars.githubusercontent.com/u/142858559?v=4
5GameMaker,1,vio::vdef::location,https://avatars.githubusercontent.com/u/42136194?v=4
Brandanvimi,1,,https://avatars.githubusercontent.com/u/157245702?v=4
BnDLett,1,United States,https://avatars.githubusercontent.com/u/73402249?v=4
commel,1,"Bremen, Germany",https://avatars.githubusercontent.com/u/1015465?v=4
BenMan95,1,"Plymouth, MN",https://avatars.githubusercontent.com/u/81588289?v=4
AstralShadow,1,,https://avatars.githubusercontent.com/u/47869198?v=4
amrsoll,1,"Odense, Danmark",https://avatars.githubusercontent.com/u/24782867?v=4
aawwaaa,1,,https://avatars.githubusercontent.com/u/96404493?v=4
avevad,1,,https://avatars.githubusercontent.com/u/31036072?v=4
rangzen,1,,https://avatars.githubusercontent.com/u/132700?v=4
Camork,1,Shanghai China,https://avatars.githubusercontent.com/u/19710731?v=4
charliewxyz,1,,https://avatars.githubusercontent.com/u/20506773?v=4
sparr,1,"Whitinsville, MA, USA",https://avatars.githubusercontent.com/u/121299?v=4
Clauskem,1,,https://avatars.githubusercontent.com/u/54042388?v=4
CxZxRain,1,,https://avatars.githubusercontent.com/u/88787430?v=4
cybrandir,1,,https://avatars.githubusercontent.com/u/54367708?v=4
DVanatic,1,,https://avatars.githubusercontent.com/u/51337473?v=4
daanbreur,1,Me.setLocation('Netherlands'),https://avatars.githubusercontent.com/u/32175349?v=4
Damlon,1,,https://avatars.githubusercontent.com/u/46671397?v=4
dusekdan,1,"Dublin, Ireland",https://avatars.githubusercontent.com/u/6360711?v=4
Daniel-Chin,1,,https://avatars.githubusercontent.com/u/34157591?v=4
MV-Studio14,1,,https://avatars.githubusercontent.com/u/79103102?v=4
00Bread00,1,,https://avatars.githubusercontent.com/u/144006814?v=4
12358abc,1,,https://avatars.githubusercontent.com/u/35219853?v=4
AFARIUS,1,,https://avatars.githubusercontent.com/u/146495121?v=4
Aaron2550,1,Germany,https://avatars.githubusercontent.com/u/24834067?v=4
AceEllysium,1,Discord,https://avatars.githubusercontent.com/u/40420572?v=4
adwitkow,1,,https://avatars.githubusercontent.com/u/10108473?v=4
Ahsoka-501,1,,https://avatars.githubusercontent.com/u/63233281?v=4
agalera,1,"Madrid, Spain",https://avatars.githubusercontent.com/u/3725538?v=4
alexmaurizio,1,"Turin, Italy",https://avatars.githubusercontent.com/u/15074818?v=4
sashashura,1,,https://avatars.githubusercontent.com/u/93376818?v=4
alxgsv,1,,https://avatars.githubusercontent.com/u/22303?v=4
kbni,1,Australia,https://avatars.githubusercontent.com/u/839300?v=4
Alex25820,1,Sweden,https://avatars.githubusercontent.com/u/50142558?v=4
heckelson,1,Vienna,https://avatars.githubusercontent.com/u/26191361?v=4
Alstin112-zz,1,,https://avatars.githubusercontent.com/u/42156649?v=4
Ameb,1,"Navarra, Spain",https://avatars.githubusercontent.com/u/386567?v=4
Amon-Senpai,1,,https://avatars.githubusercontent.com/u/56207045?v=4
andreasgamborg,1,Denmark,https://avatars.githubusercontent.com/u/44777523?v=4
AndreasHeiskanen,1,Stockholm,https://avatars.githubusercontent.com/u/16100157?v=4
hexagonrecursion,1,Milky Way,https://avatars.githubusercontent.com/u/52621858?v=4
0Nera,1,Moscow,https://avatars.githubusercontent.com/u/71536443?v=4
ARYDESTROYER,1,,https://avatars.githubusercontent.com/u/31776478?v=4
Arzxq,1,,https://avatars.githubusercontent.com/u/96066999?v=4
Atan599,1,,https://avatars.githubusercontent.com/u/58374514?v=4
